Title,IMSRB_title_url,IMSRB_scripts_url
15 Minutes,https://www.imsdb.com/Movie Scripts/15 Minutes Script.html,https://www.imsdb.com/scripts/15-Minutes.html
2012,https://www.imsdb.com/Movie Scripts/2012 Script.html,https://www.imsdb.com/scripts/2012.html
30 Minutes or Less,https://www.imsdb.com/Movie Scripts/30 Minutes or Less Script.html,https://www.imsdb.com/scripts/30-Minutes-or-Less.html
48 Hrs.,https://www.imsdb.com/Movie Scripts/48 Hrs. Script.html,https://www.imsdb.com/scripts/48-Hrs..html
A Most Violent Year,https://www.imsdb.com/Movie Scripts/A Most Violent Year Script.html,https://www.imsdb.com/scripts/A-Most-Violent-Year.html
Above the Law,https://www.imsdb.com/Movie Scripts/Above the Law Script.html,https://www.imsdb.com/scripts/Above-the-Law.html
"Abyss, The","https://www.imsdb.com/Movie Scripts/Abyss, The Script.html","https://www.imsdb.com/scripts/Abyss,-The.html"
Air Force One,https://www.imsdb.com/Movie Scripts/Air Force One Script.html,https://www.imsdb.com/scripts/Air-Force-One.html
Alien,https://www.imsdb.com/Movie Scripts/Alien Script.html,https://www.imsdb.com/scripts/Alien.html
Alien 3,https://www.imsdb.com/Movie Scripts/Alien 3 Script.html,https://www.imsdb.com/scripts/Alien-3.html
Alien vs. Predator,https://www.imsdb.com/Movie Scripts/Alien vs. Predator Script.html,https://www.imsdb.com/scripts/Alien-vs.-Predator.html
Alien: Resurrection,https://www.imsdb.com/Movie Scripts/Alien: Resurrection Script.html,https://www.imsdb.com/scripts/Alien-Resurrection.html
Aliens,https://www.imsdb.com/Movie Scripts/Aliens Script.html,https://www.imsdb.com/scripts/Aliens.html
Alone in the Dark,https://www.imsdb.com/Movie Scripts/Alone in the Dark Script.html,https://www.imsdb.com/scripts/Alone-in-the-Dark.html
American Outlaws,https://www.imsdb.com/Movie Scripts/American Outlaws Script.html,https://www.imsdb.com/scripts/American-Outlaws.html
American Shaolin: King of Kickboxers II,https://www.imsdb.com/Movie Scripts/American Shaolin: King of Kickboxers II Script.html,https://www.imsdb.com/scripts/American-Shaolin-King-of-Kickboxers-II.html
American Sniper,https://www.imsdb.com/Movie Scripts/American Sniper Script.html,https://www.imsdb.com/scripts/American-Sniper.html
Apocalypse Now,https://www.imsdb.com/Movie Scripts/Apocalypse Now Script.html,https://www.imsdb.com/scripts/Apocalypse-Now.html
Arctic Blue,https://www.imsdb.com/Movie Scripts/Arctic Blue Script.html,https://www.imsdb.com/scripts/Arctic-Blue.html
Armageddon,https://www.imsdb.com/Movie Scripts/Armageddon Script.html,https://www.imsdb.com/scripts/Armageddon.html
Army of Darkness,https://www.imsdb.com/Movie Scripts/Army of Darkness Script.html,https://www.imsdb.com/scripts/Army-of-Darkness.html
Assassins,https://www.imsdb.com/Movie Scripts/Assassins Script.html,https://www.imsdb.com/scripts/Assassins.html
Austin Powers - International Man of Mystery,https://www.imsdb.com/Movie Scripts/Austin Powers - International Man of Mystery Script.html,https://www.imsdb.com/scripts/Austin-Powers---International-Man-of-Mystery.html
Austin Powers - The Spy Who Shagged Me,https://www.imsdb.com/Movie Scripts/Austin Powers - The Spy Who Shagged Me Script.html,https://www.imsdb.com/scripts/Austin-Powers---The-Spy-Who-Shagged-Me.html
Avatar,https://www.imsdb.com/Movie Scripts/Avatar Script.html,https://www.imsdb.com/scripts/Avatar.html
"Avengers, The","https://www.imsdb.com/Movie Scripts/Avengers, The Script.html","https://www.imsdb.com/scripts/Avengers,-The.html"
"Avengers, The (2012)","https://www.imsdb.com/Movie Scripts/Avengers, The (2012) Script.html","https://www.imsdb.com/scripts/Avengers,-The-(2012).html"
Back to the Future,https://www.imsdb.com/Movie Scripts/Back to the Future Script.html,https://www.imsdb.com/scripts/Back-to-the-Future.pdf
Backdraft,https://www.imsdb.com/Movie Scripts/Backdraft Script.html,https://www.imsdb.com/scripts/Backdraft.html
Bad Boys,https://www.imsdb.com/Movie Scripts/Bad Boys Script.html,https://www.imsdb.com/scripts/Bad-Boys.html
Bad Country,https://www.imsdb.com/Movie Scripts/Bad Country Script.html,https://www.imsdb.com/scripts/Bad-Country.html
Batman,https://www.imsdb.com/Movie Scripts/Batman Script.html,https://www.imsdb.com/scripts/Batman.html
Batman 2,https://www.imsdb.com/Movie Scripts/Batman 2 Script.html,https://www.imsdb.com/scripts/Batman-2.html
Batman and Robin,https://www.imsdb.com/Movie Scripts/Batman and Robin Script.html,NA
Batman Begins,https://www.imsdb.com/Movie Scripts/Batman Begins Script.html,NA
Batman Forever,https://www.imsdb.com/Movie Scripts/Batman Forever Script.html,NA
Batman Returns,https://www.imsdb.com/Movie Scripts/Batman Returns Script.html,NA
Battle: Los Angeles,https://www.imsdb.com/Movie Scripts/Battle: Los Angeles Script.html,https://www.imsdb.com/scripts/Battle-Los-Angeles.html
Black Panther,https://www.imsdb.com/Movie Scripts/Black Panther Script.html,https://www.imsdb.com/scripts/Black-Panther.html
Black Rain,https://www.imsdb.com/Movie Scripts/Black Rain Script.html,https://www.imsdb.com/scripts/Black-Rain.html
Blade,https://www.imsdb.com/Movie Scripts/Blade Script.html,https://www.imsdb.com/scripts/Blade.html
Blade II,https://www.imsdb.com/Movie Scripts/Blade II Script.html,https://www.imsdb.com/scripts/Blade-II.html
Blade Runner,https://www.imsdb.com/Movie Scripts/Blade Runner Script.html,https://www.imsdb.com/scripts/Blade-Runner.html
Blade: Trinity,https://www.imsdb.com/Movie Scripts/Blade: Trinity Script.html,https://www.imsdb.com/scripts/Blade-Trinity.html
"Book of Eli, The","https://www.imsdb.com/Movie Scripts/Book of Eli, The Script.html","https://www.imsdb.com/scripts/Book-of-Eli,-The.html"
Boondock Saints 2: All Saints Day,https://www.imsdb.com/Movie Scripts/Boondock Saints 2: All Saints Day Script.html,https://www.imsdb.com/scripts/Boondock-Saints-2-All-Saints-Day.html
"Bounty Hunter, The","https://www.imsdb.com/Movie Scripts/Bounty Hunter, The Script.html","https://www.imsdb.com/scripts/Bounty-Hunter,-The.html"
"Bourne Identity, The","https://www.imsdb.com/Movie Scripts/Bourne Identity, The Script.html","https://www.imsdb.com/scripts/Bourne-Identity,-The.html"
"Bourne Supremacy, The","https://www.imsdb.com/Movie Scripts/Bourne Supremacy, The Script.html","https://www.imsdb.com/scripts/Bourne-Supremacy,-The.html"
"Bourne Ultimatum, The","https://www.imsdb.com/Movie Scripts/Bourne Ultimatum, The Script.html","https://www.imsdb.com/scripts/Bourne-Ultimatum,-The.html"
Braveheart,https://www.imsdb.com/Movie Scripts/Braveheart Script.html,https://www.imsdb.com/scripts/Braveheart.html
Breakdown,https://www.imsdb.com/Movie Scripts/Breakdown Script.html,https://www.imsdb.com/scripts/Breakdown.html
Broken Arrow,https://www.imsdb.com/Movie Scripts/Broken Arrow Script.html,https://www.imsdb.com/scripts/Broken-Arrow.html
Buffy the Vampire Slayer,https://www.imsdb.com/Movie Scripts/Buffy the Vampire Slayer Script.html,https://www.imsdb.com/scripts/Buffy-the-Vampire-Slayer.html
Cars 2,https://www.imsdb.com/Movie Scripts/Cars 2 Script.html,https://www.imsdb.com/scripts/Cars-2.html
Catwoman,https://www.imsdb.com/Movie Scripts/Catwoman Script.html,https://www.imsdb.com/scripts/Catwoman.html
Cellular,https://www.imsdb.com/Movie Scripts/Cellular Script.html,https://www.imsdb.com/scripts/Cellular.html
Chaos,https://www.imsdb.com/Movie Scripts/Chaos Script.html,https://www.imsdb.com/scripts/Chaos.html
Charlie's Angels,https://www.imsdb.com/Movie Scripts/Charlie's Angels Script.html,https://www.imsdb.com/scripts/Charlie's-Angels.html
"Chronicles of Narnia: The Lion, the Witch and the Wardrobe","https://www.imsdb.com/Movie Scripts/Chronicles of Narnia: The Lion, the Witch and the Wardrobe Script.html","https://www.imsdb.com/scripts/Chronicles-of-Narnia-The-Lion,-the-Witch-and-the-Wardrobe.html"
Cirque du Freak: The Vampire's Assistant,https://www.imsdb.com/Movie Scripts/Cirque du Freak: The Vampire's Assistant Script.html,https://www.imsdb.com/scripts/Cirque-du-Freak-The-Vampire's-Assistant.html
Clash of the Titans,https://www.imsdb.com/Movie Scripts/Clash of the Titans Script.html,https://www.imsdb.com/scripts/Clash-of-the-Titans.html
Cliffhanger,https://www.imsdb.com/Movie Scripts/Cliffhanger Script.html,https://www.imsdb.com/scripts/Cliffhanger.html
Code of Silence,https://www.imsdb.com/Movie Scripts/Code of Silence Script.html,https://www.imsdb.com/scripts/Code-of-Silence.html
Collateral,https://www.imsdb.com/Movie Scripts/Collateral Script.html,https://www.imsdb.com/scripts/Collateral.html
Collateral Damage,https://www.imsdb.com/Movie Scripts/Collateral Damage Script.html,https://www.imsdb.com/scripts/Collateral-Damage.html
Colombiana,https://www.imsdb.com/Movie Scripts/Colombiana Script.html,https://www.imsdb.com/scripts/Colombiana.html
Commando,https://www.imsdb.com/Movie Scripts/Commando Script.html,https://www.imsdb.com/scripts/Commando.html
Conan the Barbarian,https://www.imsdb.com/Movie Scripts/Conan the Barbarian Script.html,https://www.imsdb.com/scripts/Conan-the-Barbarian.html
Constantine,https://www.imsdb.com/Movie Scripts/Constantine Script.html,https://www.imsdb.com/scripts/Constantine.html
Courage Under Fire,https://www.imsdb.com/Movie Scripts/Courage Under Fire Script.html,https://www.imsdb.com/scripts/Courage-Under-Fire.pdf
Cowboys & Aliens,https://www.imsdb.com/Movie Scripts/Cowboys & Aliens Script.html,https://www.imsdb.com/scripts/Cowboys-&-Aliens.html
Cradle 2 the Grave,https://www.imsdb.com/Movie Scripts/Cradle 2 the Grave Script.html,https://www.imsdb.com/scripts/Cradle-2-the-Grave.html
Crank,https://www.imsdb.com/Movie Scripts/Crank Script.html,https://www.imsdb.com/scripts/Crank.html
"Crouching Tiger, Hidden Dragon","https://www.imsdb.com/Movie Scripts/Crouching Tiger, Hidden Dragon Script.html","https://www.imsdb.com/scripts/Crouching-Tiger,-Hidden-Dragon.html"
"Crow Salvation, The","https://www.imsdb.com/Movie Scripts/Crow Salvation, The Script.html","https://www.imsdb.com/scripts/Crow-Salvation,-The.html"
"Crow, The","https://www.imsdb.com/Movie Scripts/Crow, The Script.html","https://www.imsdb.com/scripts/Crow,-The.html"
"Crow: City of Angels, The","https://www.imsdb.com/Movie Scripts/Crow: City of Angels, The Script.html","https://www.imsdb.com/scripts/Crow-City-of-Angels,-The.html"
Crying Game,https://www.imsdb.com/Movie Scripts/Crying Game Script.html,https://www.imsdb.com/scripts/Crying-Game.html
"Dark Knight Rises, The","https://www.imsdb.com/Movie Scripts/Dark Knight Rises, The Script.html","https://www.imsdb.com/scripts/Dark-Knight-Rises,-The.html"
"Dark Knight, The","https://www.imsdb.com/Movie Scripts/Dark Knight, The Script.html",NA
Darkman,https://www.imsdb.com/Movie Scripts/Darkman Script.html,https://www.imsdb.com/scripts/Darkman.html
Dawn of the Dead,https://www.imsdb.com/Movie Scripts/Dawn of the Dead Script.html,https://www.imsdb.com/scripts/Dawn-of-the-Dead.html
Deadpool,https://www.imsdb.com/Movie Scripts/Deadpool Script.html,https://www.imsdb.com/scripts/Deadpool.html
"Debt, The","https://www.imsdb.com/Movie Scripts/Debt, The Script.html","https://www.imsdb.com/scripts/Debt,-The.html"
Deep Cover,https://www.imsdb.com/Movie Scripts/Deep Cover Script.html,https://www.imsdb.com/scripts/Deep-Cover.html
Deep Rising,https://www.imsdb.com/Movie Scripts/Deep Rising Script.html,https://www.imsdb.com/scripts/Deep-Rising.html
Defiance,https://www.imsdb.com/Movie Scripts/Defiance Script.html,https://www.imsdb.com/scripts/Defiance.html
Die Hard,https://www.imsdb.com/Movie Scripts/Die Hard Script.html,https://www.imsdb.com/scripts/Die-Hard.html
Die Hard 2,https://www.imsdb.com/Movie Scripts/Die Hard 2 Script.html,https://www.imsdb.com/scripts/Die-Hard-2.html
Dragonslayer,https://www.imsdb.com/Movie Scripts/Dragonslayer Script.html,https://www.imsdb.com/scripts/Dragonslayer.html
Drive,https://www.imsdb.com/Movie Scripts/Drive Script.html,https://www.imsdb.com/scripts/Drive.html
Drive Angry,https://www.imsdb.com/Movie Scripts/Drive Angry Script.html,https://www.imsdb.com/scripts/Drive-Angry.html
Dune,https://www.imsdb.com/Movie Scripts/Dune Script.html,https://www.imsdb.com/scripts/Dune.html
Eagle Eye,https://www.imsdb.com/Movie Scripts/Eagle Eye Script.html,https://www.imsdb.com/scripts/Eagle-Eye.html
Eight Legged Freaks,https://www.imsdb.com/Movie Scripts/Eight Legged Freaks Script.html,https://www.imsdb.com/scripts/Eight-Legged-Freaks.html
El Mariachi,https://www.imsdb.com/Movie Scripts/El Mariachi Script.html,https://www.imsdb.com/scripts/El-Mariachi.html
Enemy of the State,https://www.imsdb.com/Movie Scripts/Enemy of the State Script.html,https://www.imsdb.com/scripts/Enemy-of-the-State.html
Entrapment,https://www.imsdb.com/Movie Scripts/Entrapment Script.html,https://www.imsdb.com/scripts/Entrapment.html
Equilibrium,https://www.imsdb.com/Movie Scripts/Equilibrium Script.html,https://www.imsdb.com/scripts/Equilibrium.pdf
Escape From L.A.,https://www.imsdb.com/Movie Scripts/Escape From L.A. Script.html,https://www.imsdb.com/scripts/Escape-From-L.A..html
Escape From New York,https://www.imsdb.com/Movie Scripts/Escape From New York Script.html,https://www.imsdb.com/scripts/Escape-From-New-York.html
Evil Dead II: Dead by Dawn,https://www.imsdb.com/Movie Scripts/Evil Dead II: Dead by Dawn Script.html,https://www.imsdb.com/scripts/Evil-Dead-II-Dead-by-Dawn.html
Executive Decision,https://www.imsdb.com/Movie Scripts/Executive Decision Script.html,NA
Face Off,https://www.imsdb.com/Movie Scripts/Face Off Script.html,https://www.imsdb.com/scripts/Face-Off.html
Fair Game,https://www.imsdb.com/Movie Scripts/Fair Game Script.html,https://www.imsdb.com/scripts/Fair-Game.html
Fantastic Four,https://www.imsdb.com/Movie Scripts/Fantastic Four Script.html,https://www.imsdb.com/scripts/Fantastic-Four.html
Feast,https://www.imsdb.com/Movie Scripts/Feast Script.html,https://www.imsdb.com/scripts/Feast.html
"Fifth Element, The","https://www.imsdb.com/Movie Scripts/Fifth Element, The Script.html","https://www.imsdb.com/scripts/Fifth-Element,-The.html"
Fight Club,https://www.imsdb.com/Movie Scripts/Fight Club Script.html,https://www.imsdb.com/scripts/Fight-Club.html
Flash Gordon,https://www.imsdb.com/Movie Scripts/Flash Gordon Script.html,https://www.imsdb.com/scripts/Flash-Gordon.html
Freddy vs. Jason,https://www.imsdb.com/Movie Scripts/Freddy vs. Jason Script.html,https://www.imsdb.com/scripts/Freddy-vs.-Jason.html
"French Connection, The","https://www.imsdb.com/Movie Scripts/French Connection, The Script.html","https://www.imsdb.com/scripts/French-Connection,-The.html"
From Dusk Till Dawn,https://www.imsdb.com/Movie Scripts/From Dusk Till Dawn Script.html,https://www.imsdb.com/scripts/From-Dusk-Till-Dawn.html
"Fugitive, The","https://www.imsdb.com/Movie Scripts/Fugitive, The Script.html","https://www.imsdb.com/scripts/Fugitive,-The.html"
Fury,https://www.imsdb.com/Movie Scripts/Fury Script.html,NA
G.I. Jane,https://www.imsdb.com/Movie Scripts/G.I. Jane Script.html,https://www.imsdb.com/scripts/G.I.-Jane.html
G.I. Joe: The Rise of Cobra,https://www.imsdb.com/Movie Scripts/G.I. Joe: The Rise of Cobra Script.html,https://www.imsdb.com/scripts/G.I.-Joe-The-Rise-of-Cobra.html
Gamer,https://www.imsdb.com/Movie Scripts/Gamer Script.html,https://www.imsdb.com/scripts/Gamer.html
Get Carter,https://www.imsdb.com/Movie Scripts/Get Carter Script.html,https://www.imsdb.com/scripts/Get-Carter.html
Get Shorty,https://www.imsdb.com/Movie Scripts/Get Shorty Script.html,https://www.imsdb.com/scripts/Get-Shorty.html
"Getaway, The","https://www.imsdb.com/Movie Scripts/Getaway, The Script.html","https://www.imsdb.com/scripts/Getaway,-The.html"
"Ghost and the Darkness, The","https://www.imsdb.com/Movie Scripts/Ghost and the Darkness, The Script.html","https://www.imsdb.com/scripts/Ghost-and-the-Darkness,-The.html"
Ghost Rider,https://www.imsdb.com/Movie Scripts/Ghost Rider Script.html,https://www.imsdb.com/scripts/Ghost-Rider.html
Ghost Ship,https://www.imsdb.com/Movie Scripts/Ghost Ship Script.html,https://www.imsdb.com/scripts/Ghost-Ship.html
Ghostbusters 2,https://www.imsdb.com/Movie Scripts/Ghostbusters 2 Script.html,https://www.imsdb.com/scripts/Ghostbusters-2.html
Gladiator,https://www.imsdb.com/Movie Scripts/Gladiator Script.html,https://www.imsdb.com/scripts/Gladiator.html
Godzilla,https://www.imsdb.com/Movie Scripts/Godzilla Script.html,https://www.imsdb.com/scripts/Godzilla.html
Gone in 60 Seconds,https://www.imsdb.com/Movie Scripts/Gone in 60 Seconds Script.html,https://www.imsdb.com/scripts/Gone-in-60-Seconds.html
Guardians of the Galaxy Vol 2,https://www.imsdb.com/Movie Scripts/Guardians of the Galaxy Vol 2 Script.html,https://www.imsdb.com/scripts/Guardians-of-the-Galaxy-Vol-2.html
Hackers,https://www.imsdb.com/Movie Scripts/Hackers Script.html,https://www.imsdb.com/scripts/Hackers.html
Hancock,https://www.imsdb.com/Movie Scripts/Hancock Script.html,https://www.imsdb.com/scripts/Hancock.html
Hanna,https://www.imsdb.com/Movie Scripts/Hanna Script.html,https://www.imsdb.com/scripts/Hanna.html
Hard Rain,https://www.imsdb.com/Movie Scripts/Hard Rain Script.html,https://www.imsdb.com/scripts/Hard-Rain.html
Hard to Kill,https://www.imsdb.com/Movie Scripts/Hard to Kill Script.html,https://www.imsdb.com/scripts/Hard-to-Kill.html
Harry Potter and the Half-Blood Prince,https://www.imsdb.com/Movie Scripts/Harry Potter and the Half-Blood Prince Script.html,NA
Heat,https://www.imsdb.com/Movie Scripts/Heat Script.html,https://www.imsdb.com/scripts/Heat.html
Heavy Metal,https://www.imsdb.com/Movie Scripts/Heavy Metal Script.html,https://www.imsdb.com/scripts/Heavy-Metal.html
Hellboy,https://www.imsdb.com/Movie Scripts/Hellboy Script.html,https://www.imsdb.com/scripts/Hellboy.html
Hellboy 2: The Golden Army,https://www.imsdb.com/Movie Scripts/Hellboy 2: The Golden Army Script.html,https://www.imsdb.com/scripts/Hellboy-2-The-Golden-Army.html
Highlander,https://www.imsdb.com/Movie Scripts/Highlander Script.html,https://www.imsdb.com/scripts/Highlander.html
Highlander: Endgame,https://www.imsdb.com/Movie Scripts/Highlander: Endgame Script.html,https://www.imsdb.com/scripts/Highlander-Endgame.html
Hostage,https://www.imsdb.com/Movie Scripts/Hostage Script.html,https://www.imsdb.com/scripts/Hostage.html
How to Train Your Dragon 2,https://www.imsdb.com/Movie Scripts/How to Train Your Dragon 2 Script.html,https://www.imsdb.com/scripts/How-to-Train-Your-Dragon-2.html
Hudson Hawk,https://www.imsdb.com/Movie Scripts/Hudson Hawk Script.html,https://www.imsdb.com/scripts/Hudson-Hawk.html
"Hunt for Red October, The","https://www.imsdb.com/Movie Scripts/Hunt for Red October, The Script.html","https://www.imsdb.com/scripts/Hunt-for-Red-October,-The.html"
I Am Number Four,https://www.imsdb.com/Movie Scripts/I Am Number Four Script.html,https://www.imsdb.com/scripts/I-Am-Number-Four.html
"I, Robot","https://www.imsdb.com/Movie Scripts/I, Robot Script.html","https://www.imsdb.com/scripts/I,-Robot.html"
Inception,https://www.imsdb.com/Movie Scripts/Inception Script.html,https://www.imsdb.com/scripts/Inception.html
"Incredibles, The","https://www.imsdb.com/Movie Scripts/Incredibles, The Script.html","https://www.imsdb.com/scripts/Incredibles,-The.html"
Independence Day,https://www.imsdb.com/Movie Scripts/Independence Day Script.html,https://www.imsdb.com/scripts/Independence-Day.html
Indiana Jones and the Last Crusade,https://www.imsdb.com/Movie Scripts/Indiana Jones and the Last Crusade Script.html,https://www.imsdb.com/scripts/Indiana-Jones-and-the-Last-Crusade.html
Indiana Jones and the Raiders of the Lost Ark,https://www.imsdb.com/Movie Scripts/Indiana Jones and the Raiders of the Lost Ark Script.html,https://www.imsdb.com/scripts/Indiana-Jones-and-the-Raiders-of-the-Lost-Ark.html
Indiana Jones and the Temple of Doom,https://www.imsdb.com/Movie Scripts/Indiana Jones and the Temple of Doom Script.html,https://www.imsdb.com/scripts/Indiana-Jones-and-the-Temple-of-Doom.html
Indiana Jones IV,https://www.imsdb.com/Movie Scripts/Indiana Jones IV Script.html,https://www.imsdb.com/scripts/Indiana-Jones-IV.html
Inglourious Basterds,https://www.imsdb.com/Movie Scripts/Inglourious Basterds Script.html,https://www.imsdb.com/scripts/Inglourious-Basterds.html
Innerspace,https://www.imsdb.com/Movie Scripts/Innerspace Script.html,NA
"Island, The","https://www.imsdb.com/Movie Scripts/Island, The Script.html","https://www.imsdb.com/scripts/Island,-The.html"
"Italian Job, The","https://www.imsdb.com/Movie Scripts/Italian Job, The Script.html","https://www.imsdb.com/scripts/Italian-Job,-The.html"
Jade,https://www.imsdb.com/Movie Scripts/Jade Script.html,https://www.imsdb.com/scripts/Jade.pdf
Jason X,https://www.imsdb.com/Movie Scripts/Jason X Script.html,https://www.imsdb.com/scripts/Jason-X.html
Jimmy and Judy,https://www.imsdb.com/Movie Scripts/Jimmy and Judy Script.html,https://www.imsdb.com/scripts/Jimmy-and-Judy.html
John Wick,https://www.imsdb.com/Movie Scripts/John Wick Script.html,https://www.imsdb.com/scripts/John-Wick.html
Judge Dredd,https://www.imsdb.com/Movie Scripts/Judge Dredd Script.html,https://www.imsdb.com/scripts/Judge-Dredd.html
Jurassic Park,https://www.imsdb.com/Movie Scripts/Jurassic Park Script.html,https://www.imsdb.com/scripts/Jurassic-Park.html
Jurassic Park III,https://www.imsdb.com/Movie Scripts/Jurassic Park III Script.html,https://www.imsdb.com/scripts/Jurassic-Park-III.html
Jurassic Park: The Lost World,https://www.imsdb.com/Movie Scripts/Jurassic Park: The Lost World Script.html,https://www.imsdb.com/scripts/Jurassic-Park-The-Lost-World.html
Kill Bill Volume 1 & 2,https://www.imsdb.com/Movie Scripts/Kill Bill Volume 1 & 2 Script.html,https://www.imsdb.com/scripts/Kill-Bill-Volume-1-&-2.html
King Kong,https://www.imsdb.com/Movie Scripts/King Kong Script.html,https://www.imsdb.com/scripts/King-Kong.html
"Kingdom, The","https://www.imsdb.com/Movie Scripts/Kingdom, The Script.html","https://www.imsdb.com/scripts/Kingdom,-The.html"
Kung Fu Panda,https://www.imsdb.com/Movie Scripts/Kung Fu Panda Script.html,https://www.imsdb.com/scripts/Kung-Fu-Panda.html
Lake Placid,https://www.imsdb.com/Movie Scripts/Lake Placid Script.html,https://www.imsdb.com/scripts/Lake-Placid.html
Land of the Dead,https://www.imsdb.com/Movie Scripts/Land of the Dead Script.html,https://www.imsdb.com/scripts/Land-of-the-Dead.html
"Last Boy Scout, The","https://www.imsdb.com/Movie Scripts/Last Boy Scout, The Script.html","https://www.imsdb.com/scripts/Last-Boy-Scout,-The.html"
"Last Samurai, The","https://www.imsdb.com/Movie Scripts/Last Samurai, The Script.html","https://www.imsdb.com/scripts/Last-Samurai,-The.html"
Legion,https://www.imsdb.com/Movie Scripts/Legion Script.html,https://www.imsdb.com/scripts/Legion.html
"LEGO Movie, The","https://www.imsdb.com/Movie Scripts/LEGO Movie, The Script.html","https://www.imsdb.com/scripts/LEGO-Movie,-The.html"
Les Tontons Flingueurs,https://www.imsdb.com/Movie Scripts/Les Tontons Flingueurs Script.html,https://www.imsdb.com/scripts/Les-Tontons-Flingueurs.html
Lethal Weapon,https://www.imsdb.com/Movie Scripts/Lethal Weapon Script.html,NA
Lethal Weapon 4,https://www.imsdb.com/Movie Scripts/Lethal Weapon 4 Script.html,NA
Logan,https://www.imsdb.com/Movie Scripts/Logan Script.html,https://www.imsdb.com/scripts/Logan.html
Logan's Run,https://www.imsdb.com/Movie Scripts/Logan's Run Script.html,https://www.imsdb.com/scripts/Logan's-Run.html
"Long Kiss Goodnight, The","https://www.imsdb.com/Movie Scripts/Long Kiss Goodnight, The Script.html","https://www.imsdb.com/scripts/Long-Kiss-Goodnight,-The.html"
Looper,https://www.imsdb.com/Movie Scripts/Looper Script.html,https://www.imsdb.com/scripts/Looper.html
"Lord of the Rings: Fellowship of the Ring, The","https://www.imsdb.com/Movie Scripts/Lord of the Rings: Fellowship of the Ring, The Script.html","https://www.imsdb.com/scripts/Lord-of-the-Rings-Fellowship-of-the-Ring,-The.html"
Lord of the Rings: Return of the King,https://www.imsdb.com/Movie Scripts/Lord of the Rings: Return of the King Script.html,https://www.imsdb.com/scripts/Lord-of-the-Rings-Return-of-the-King.html
Lord of the Rings: The Two Towers,https://www.imsdb.com/Movie Scripts/Lord of the Rings: The Two Towers Script.html,https://www.imsdb.com/scripts/Lord-of-the-Rings-The-Two-Towers.html
"Losers, The","https://www.imsdb.com/Movie Scripts/Losers, The Script.html","https://www.imsdb.com/scripts/Losers,-The.html"
Lost in Space,https://www.imsdb.com/Movie Scripts/Lost in Space Script.html,https://www.imsdb.com/scripts/Lost-in-Space.html
Machete,https://www.imsdb.com/Movie Scripts/Machete Script.html,https://www.imsdb.com/scripts/Machete.html
Machine Gun Preacher,https://www.imsdb.com/Movie Scripts/Machine Gun Preacher Script.html,https://www.imsdb.com/scripts/Machine-Gun-Preacher.html
Mad Max 2: The Road Warrior,https://www.imsdb.com/Movie Scripts/Mad Max 2: The Road Warrior Script.html,https://www.imsdb.com/scripts/Mad-Max-2-The-Road-Warrior.html
Man in the Iron Mask,https://www.imsdb.com/Movie Scripts/Man in the Iron Mask Script.html,https://www.imsdb.com/scripts/Man-in-the-Iron-Mask.html
Man On Fire,https://www.imsdb.com/Movie Scripts/Man On Fire Script.html,https://www.imsdb.com/scripts/Man-On-Fire.html
"Mariachi, El","https://www.imsdb.com/Movie Scripts/Mariachi, El Script.html","https://www.imsdb.com/scripts/Mariachi,-El.html"
"Mask, The","https://www.imsdb.com/Movie Scripts/Mask, The Script.html","https://www.imsdb.com/scripts/Mask,-The.html"
Master and Commander,https://www.imsdb.com/Movie Scripts/Master and Commander Script.html,https://www.imsdb.com/scripts/Master-and-Commander.html
"Matrix Reloaded, The","https://www.imsdb.com/Movie Scripts/Matrix Reloaded, The Script.html","https://www.imsdb.com/scripts/Matrix-Reloaded,-The.html"
"Matrix, The","https://www.imsdb.com/Movie Scripts/Matrix, The Script.html","https://www.imsdb.com/scripts/Matrix,-The.html"
Max Payne,https://www.imsdb.com/Movie Scripts/Max Payne Script.html,https://www.imsdb.com/scripts/Max-Payne.html
"Mechanic, The","https://www.imsdb.com/Movie Scripts/Mechanic, The Script.html","https://www.imsdb.com/scripts/Mechanic,-The.html"
Megamind,https://www.imsdb.com/Movie Scripts/Megamind Script.html,https://www.imsdb.com/scripts/Megamind.html
Men in Black,https://www.imsdb.com/Movie Scripts/Men in Black Script.html,https://www.imsdb.com/scripts/Men-in-Black.html
Men in Black 3,https://www.imsdb.com/Movie Scripts/Men in Black 3 Script.html,https://www.imsdb.com/scripts/Men-in-Black-3.html
Metro,https://www.imsdb.com/Movie Scripts/Metro Script.html,https://www.imsdb.com/scripts/Metro.html
Miami Vice,https://www.imsdb.com/Movie Scripts/Miami Vice Script.html,https://www.imsdb.com/scripts/Miami-Vice.html
Mighty Joe Young,https://www.imsdb.com/Movie Scripts/Mighty Joe Young Script.html,https://www.imsdb.com/scripts/Mighty-Joe-Young.html
Mighty Morphin Power Rangers: The Movie,https://www.imsdb.com/Movie Scripts/Mighty Morphin Power Rangers: The Movie Script.html,https://www.imsdb.com/scripts/Mighty-Morphin-Power-Rangers-The-Movie.html
Minority Report,https://www.imsdb.com/Movie Scripts/Minority Report Script.html,https://www.imsdb.com/scripts/Minority-Report.html
Mission Impossible,https://www.imsdb.com/Movie Scripts/Mission Impossible Script.html,https://www.imsdb.com/scripts/Mission-Impossible.html
Mission Impossible II,https://www.imsdb.com/Movie Scripts/Mission Impossible II Script.html,https://www.imsdb.com/scripts/Mission-Impossible-II.html
"Mummy, The","https://www.imsdb.com/Movie Scripts/Mummy, The Script.html","https://www.imsdb.com/scripts/Mummy,-The.html"
Mystery Men,https://www.imsdb.com/Movie Scripts/Mystery Men Script.html,https://www.imsdb.com/scripts/Mystery-Men.html
Natural Born Killers,https://www.imsdb.com/Movie Scripts/Natural Born Killers Script.html,https://www.imsdb.com/scripts/Natural-Born-Killers.html
New York Minute,https://www.imsdb.com/Movie Scripts/New York Minute Script.html,https://www.imsdb.com/scripts/New-York-Minute.html
Next,https://www.imsdb.com/Movie Scripts/Next Script.html,https://www.imsdb.com/scripts/Next.html
Nightbreed,https://www.imsdb.com/Movie Scripts/Nightbreed Script.html,https://www.imsdb.com/scripts/Nightbreed.html
Ninja Assassin,https://www.imsdb.com/Movie Scripts/Ninja Assassin Script.html,https://www.imsdb.com/scripts/Ninja-Assassin.html
Oblivion,https://www.imsdb.com/Movie Scripts/Oblivion Script.html,https://www.imsdb.com/scripts/Oblivion.html
Outbreak,https://www.imsdb.com/Movie Scripts/Outbreak Script.html,NA
"Pacifier, The","https://www.imsdb.com/Movie Scripts/Pacifier, The Script.html","https://www.imsdb.com/scripts/Pacifier,-The.html"
Pandorum,https://www.imsdb.com/Movie Scripts/Pandorum Script.html,https://www.imsdb.com/scripts/Pandorum.html
"Patriot, The","https://www.imsdb.com/Movie Scripts/Patriot, The Script.html","https://www.imsdb.com/scripts/Patriot,-The.html"
Pearl Harbor,https://www.imsdb.com/Movie Scripts/Pearl Harbor Script.html,https://www.imsdb.com/scripts/Pearl-Harbor.html
Perfect Creature,https://www.imsdb.com/Movie Scripts/Perfect Creature Script.html,https://www.imsdb.com/scripts/Perfect-Creature.html
"Perfect World, A","https://www.imsdb.com/Movie Scripts/Perfect World, A Script.html","https://www.imsdb.com/scripts/Perfect-World,-A.html"
Pirates of the Caribbean,https://www.imsdb.com/Movie Scripts/Pirates of the Caribbean Script.html,https://www.imsdb.com/scripts/Pirates-of-the-Caribbean.html
Pirates of the Caribbean: Dead Man's Chest,https://www.imsdb.com/Movie Scripts/Pirates of the Caribbean: Dead Man's Chest Script.html,https://www.imsdb.com/scripts/Pirates-of-the-Caribbean-Dead-Man's-Chest.html
"Planet of the Apes, The","https://www.imsdb.com/Movie Scripts/Planet of the Apes, The Script.html","https://www.imsdb.com/scripts/Planet-of-the-Apes,-The.html"
Platoon,https://www.imsdb.com/Movie Scripts/Platoon Script.html,https://www.imsdb.com/scripts/Platoon.html
Point Break,https://www.imsdb.com/Movie Scripts/Point Break Script.html,https://www.imsdb.com/scripts/Point-Break.html
"Postman, The","https://www.imsdb.com/Movie Scripts/Postman, The Script.html","https://www.imsdb.com/scripts/Postman,-The.html"
Predator,https://www.imsdb.com/Movie Scripts/Predator Script.html,https://www.imsdb.com/scripts/Predator.html
Priest,https://www.imsdb.com/Movie Scripts/Priest Script.html,https://www.imsdb.com/scripts/Priest.html
"Program, The","https://www.imsdb.com/Movie Scripts/Program, The Script.html","https://www.imsdb.com/scripts/Program,-The.html"
Pulp Fiction,https://www.imsdb.com/Movie Scripts/Pulp Fiction Script.html,https://www.imsdb.com/scripts/Pulp-Fiction.html
Rambo: First Blood II: The Mission,https://www.imsdb.com/Movie Scripts/Rambo: First Blood II: The Mission Script.html,https://www.imsdb.com/scripts/Rambo-First-Blood-II-The-Mission.html
Red Planet,https://www.imsdb.com/Movie Scripts/Red Planet Script.html,https://www.imsdb.com/scripts/Red-Planet.html
Reindeer Games,https://www.imsdb.com/Movie Scripts/Reindeer Games Script.html,https://www.imsdb.com/scripts/Reindeer-Games.html
Reservoir Dogs,https://www.imsdb.com/Movie Scripts/Reservoir Dogs Script.html,https://www.imsdb.com/scripts/Reservoir-Dogs.html
Resident Evil,https://www.imsdb.com/Movie Scripts/Resident Evil Script.html,https://www.imsdb.com/scripts/Resident-Evil.html
Return of the Apes,https://www.imsdb.com/Movie Scripts/Return of the Apes Script.html,https://www.imsdb.com/scripts/Return-of-the-Apes.html
Rise of the Planet of the Apes,https://www.imsdb.com/Movie Scripts/Rise of the Planet of the Apes Script.html,https://www.imsdb.com/scripts/Rise-of-the-Planet-of-the-Apes.html
Robin Hood: Prince of Thieves,https://www.imsdb.com/Movie Scripts/Robin Hood: Prince of Thieves Script.html,https://www.imsdb.com/scripts/Robin-Hood-Prince-of-Thieves.html
Robocop,https://www.imsdb.com/Movie Scripts/Robocop Script.html,https://www.imsdb.com/scripts/Robocop.pdf
"Rock, The","https://www.imsdb.com/Movie Scripts/Rock, The Script.html","https://www.imsdb.com/scripts/Rock,-The.html"
RocknRolla,https://www.imsdb.com/Movie Scripts/RocknRolla Script.html,https://www.imsdb.com/scripts/RocknRolla.html
Ronin,https://www.imsdb.com/Movie Scripts/Ronin Script.html,https://www.imsdb.com/scripts/Ronin.html
Rush,https://www.imsdb.com/Movie Scripts/Rush Script.html,https://www.imsdb.com/scripts/Rush.html
Rush Hour,https://www.imsdb.com/Movie Scripts/Rush Hour Script.html,https://www.imsdb.com/scripts/Rush-Hour.html
Rush Hour 2,https://www.imsdb.com/Movie Scripts/Rush Hour 2 Script.html,https://www.imsdb.com/scripts/Rush-Hour-2.html
"Saint, The","https://www.imsdb.com/Movie Scripts/Saint, The Script.html","https://www.imsdb.com/scripts/Saint,-The.html"
Saving Private Ryan,https://www.imsdb.com/Movie Scripts/Saving Private Ryan Script.html,https://www.imsdb.com/scripts/Saving-Private-Ryan.html
Scarface,https://www.imsdb.com/Movie Scripts/Scarface Script.html,https://www.imsdb.com/scripts/Scarface.html
Scott Pilgrim vs the World,https://www.imsdb.com/Movie Scripts/Scott Pilgrim vs the World Script.html,https://www.imsdb.com/scripts/Scott-Pilgrim-vs-the-World.html
Serenity,https://www.imsdb.com/Movie Scripts/Serenity Script.html,https://www.imsdb.com/scripts/Serenity.html
Sherlock Holmes,https://www.imsdb.com/Movie Scripts/Sherlock Holmes Script.html,https://www.imsdb.com/scripts/Sherlock-Holmes.html
Sicario,https://www.imsdb.com/Movie Scripts/Sicario Script.html,https://www.imsdb.com/scripts/Sicario.html
"Siege, The","https://www.imsdb.com/Movie Scripts/Siege, The Script.html","https://www.imsdb.com/scripts/Siege,-The.html"
Smokin' Aces,https://www.imsdb.com/Movie Scripts/Smokin' Aces Script.html,https://www.imsdb.com/scripts/Smokin'-Aces.html
Sneakers,https://www.imsdb.com/Movie Scripts/Sneakers Script.html,https://www.imsdb.com/scripts/Sneakers.pdf
Snow White and the Huntsman,https://www.imsdb.com/Movie Scripts/Snow White and the Huntsman Script.html,https://www.imsdb.com/scripts/Snow-White-and-the-Huntsman.html
Soldier,https://www.imsdb.com/Movie Scripts/Soldier Script.html,https://www.imsdb.com/scripts/Soldier.html
Someone To Watch Over Me,https://www.imsdb.com/Movie Scripts/Someone To Watch Over Me Script.html,https://www.imsdb.com/scripts/Someone-To-Watch-Over-Me.html
Speed,https://www.imsdb.com/Movie Scripts/Speed Script.html,https://www.imsdb.com/scripts/Speed.pdf
Speed Racer,https://www.imsdb.com/Movie Scripts/Speed Racer Script.html,https://www.imsdb.com/scripts/Speed-Racer.html
Spider-Man,https://www.imsdb.com/Movie Scripts/Spider-Man Script.html,https://www.imsdb.com/scripts/Spider-Man.html
Star Trek,https://www.imsdb.com/Movie Scripts/Star Trek Script.html,https://www.imsdb.com/scripts/Star-Trek.html
Star Trek II: The Wrath of Khan,https://www.imsdb.com/Movie Scripts/Star Trek II: The Wrath of Khan Script.html,https://www.imsdb.com/scripts/Star-Trek-II-The-Wrath-of-Khan.html
Star Trek: First Contact,https://www.imsdb.com/Movie Scripts/Star Trek: First Contact Script.html,https://www.imsdb.com/scripts/Star-Trek-First-Contact.html
Star Trek: Generations,https://www.imsdb.com/Movie Scripts/Star Trek: Generations Script.html,https://www.imsdb.com/scripts/Star-Trek-Generations.html
Star Trek: Nemesis,https://www.imsdb.com/Movie Scripts/Star Trek: Nemesis Script.html,https://www.imsdb.com/scripts/Star-Trek-Nemesis.html
Star Wars: A New Hope,https://www.imsdb.com/Movie Scripts/Star Wars: A New Hope Script.html,https://www.imsdb.com/scripts/Star-Wars-A-New-Hope.html
Star Wars: Attack of the Clones,https://www.imsdb.com/Movie Scripts/Star Wars: Attack of the Clones Script.html,https://www.imsdb.com/scripts/Star-Wars-Attack-of-the-Clones.html
Star Wars: Return of the Jedi,https://www.imsdb.com/Movie Scripts/Star Wars: Return of the Jedi Script.html,https://www.imsdb.com/scripts/Star-Wars-Return-of-the-Jedi.html
Star Wars: Revenge of the Sith,https://www.imsdb.com/Movie Scripts/Star Wars: Revenge of the Sith Script.html,https://www.imsdb.com/scripts/Star-Wars-Revenge-of-the-Sith.html
Star Wars: The Empire Strikes Back,https://www.imsdb.com/Movie Scripts/Star Wars: The Empire Strikes Back Script.html,https://www.imsdb.com/scripts/Star-Wars-The-Empire-Strikes-Back.html
Star Wars: The Force Awakens,https://www.imsdb.com/Movie Scripts/Star Wars: The Force Awakens Script.html,https://www.imsdb.com/scripts/Star-Wars-The-Force-Awakens.html
Star Wars: The Phantom Menace,https://www.imsdb.com/Movie Scripts/Star Wars: The Phantom Menace Script.html,https://www.imsdb.com/scripts/Star-Wars-The-Phantom-Menace.html
Starship Troopers,https://www.imsdb.com/Movie Scripts/Starship Troopers Script.html,https://www.imsdb.com/scripts/Starship-Troopers.html
Strange Days,https://www.imsdb.com/Movie Scripts/Strange Days Script.html,https://www.imsdb.com/scripts/Strange-Days.html
"Stuntman, The","https://www.imsdb.com/Movie Scripts/Stuntman, The Script.html","https://www.imsdb.com/scripts/Stuntman,-The.html"
Superfights,https://www.imsdb.com/Movie Scripts/Superfights Script.html,https://www.imsdb.com/scripts/Superfights.pdf
Supergirl,https://www.imsdb.com/Movie Scripts/Supergirl Script.html,https://www.imsdb.com/scripts/Supergirl.html
Surrogates,https://www.imsdb.com/Movie Scripts/Surrogates Script.html,https://www.imsdb.com/scripts/Surrogates.html
Swordfish,https://www.imsdb.com/Movie Scripts/Swordfish Script.html,https://www.imsdb.com/scripts/Swordfish.html
Terminator,https://www.imsdb.com/Movie Scripts/Terminator Script.html,https://www.imsdb.com/scripts/Terminator.html
Terminator 2: Judgement Day,https://www.imsdb.com/Movie Scripts/Terminator 2: Judgement Day Script.html,https://www.imsdb.com/scripts/Terminator-2-Judgement-Day.html
Terminator Salvation,https://www.imsdb.com/Movie Scripts/Terminator Salvation Script.html,https://www.imsdb.com/scripts/Terminator-Salvation.html
Thelma & Louise,https://www.imsdb.com/Movie Scripts/Thelma & Louise Script.html,https://www.imsdb.com/scripts/Thelma-&-Louise.html
"Thing, The","https://www.imsdb.com/Movie Scripts/Thing, The Script.html","https://www.imsdb.com/scripts/Thing,-The.html"
Thor,https://www.imsdb.com/Movie Scripts/Thor Script.html,https://www.imsdb.com/scripts/Thor.html
Thor Ragnarok,https://www.imsdb.com/Movie Scripts/Thor Ragnarok Script.html,https://www.imsdb.com/scripts/Thor-Ragnarok.html
Three Kings,https://www.imsdb.com/Movie Scripts/Three Kings Script.html,https://www.imsdb.com/scripts/Three-Kings.html
Three Kings (Spoils of War),https://www.imsdb.com/Movie Scripts/Three Kings (Spoils of War) Script.html,https://www.imsdb.com/scripts/Three-Kings-(Spoils-of-War).html
"Three Musketeers, The","https://www.imsdb.com/Movie Scripts/Three Musketeers, The Script.html","https://www.imsdb.com/scripts/Three-Musketeers,-The.html"
Thunderbirds,https://www.imsdb.com/Movie Scripts/Thunderbirds Script.html,https://www.imsdb.com/scripts/Thunderbirds.html
Ticker,https://www.imsdb.com/Movie Scripts/Ticker Script.html,https://www.imsdb.com/scripts/Ticker.html
"Time Machine, The","https://www.imsdb.com/Movie Scripts/Time Machine, The Script.html","https://www.imsdb.com/scripts/Time-Machine,-The.html"
TMNT,https://www.imsdb.com/Movie Scripts/TMNT Script.html,https://www.imsdb.com/scripts/TMNT.html
Tombstone,https://www.imsdb.com/Movie Scripts/Tombstone Script.html,https://www.imsdb.com/scripts/Tombstone.html
Tomorrow Never Dies,https://www.imsdb.com/Movie Scripts/Tomorrow Never Dies Script.html,https://www.imsdb.com/scripts/Tomorrow-Never-Dies.html
Top Gun,https://www.imsdb.com/Movie Scripts/Top Gun Script.html,https://www.imsdb.com/scripts/Top-Gun.html
Total Recall,https://www.imsdb.com/Movie Scripts/Total Recall Script.html,https://www.imsdb.com/scripts/Total-Recall.html
"Tourist, The","https://www.imsdb.com/Movie Scripts/Tourist, The Script.html","https://www.imsdb.com/scripts/Tourist,-The.html"
Training Day,https://www.imsdb.com/Movie Scripts/Training Day Script.html,https://www.imsdb.com/scripts/Training-Day.html
Transformers: The Movie,https://www.imsdb.com/Movie Scripts/Transformers: The Movie Script.html,https://www.imsdb.com/scripts/Transformers-The-Movie.html
Tristan and Isolde,https://www.imsdb.com/Movie Scripts/Tristan and Isolde Script.html,https://www.imsdb.com/scripts/Tristan-and-Isolde.html
TRON,https://www.imsdb.com/Movie Scripts/TRON Script.html,https://www.imsdb.com/scripts/TRON.html
TRON: Legacy,https://www.imsdb.com/Movie Scripts/TRON: Legacy Script.html,https://www.imsdb.com/scripts/TRON-Legacy.html
Tropic Thunder,https://www.imsdb.com/Movie Scripts/Tropic Thunder Script.html,https://www.imsdb.com/scripts/Tropic-Thunder.html
Troy,https://www.imsdb.com/Movie Scripts/Troy Script.html,NA
True Lies,https://www.imsdb.com/Movie Scripts/True Lies Script.html,https://www.imsdb.com/scripts/True-Lies.html
True Romance,https://www.imsdb.com/Movie Scripts/True Romance Script.html,https://www.imsdb.com/scripts/True-Romance.html
Twins,https://www.imsdb.com/Movie Scripts/Twins Script.html,https://www.imsdb.com/scripts/Twins.html
V for Vendetta,https://www.imsdb.com/Movie Scripts/V for Vendetta Script.html,https://www.imsdb.com/scripts/V-for-Vendetta.html
Virtuosity,https://www.imsdb.com/Movie Scripts/Virtuosity Script.html,https://www.imsdb.com/scripts/Virtuosity.html
Walking Tall,https://www.imsdb.com/Movie Scripts/Walking Tall Script.html,https://www.imsdb.com/scripts/Walking-Tall.html
Wanted,https://www.imsdb.com/Movie Scripts/Wanted Script.html,https://www.imsdb.com/scripts/Wanted.html
War for the Planet of the Apes,https://www.imsdb.com/Movie Scripts/War for the Planet of the Apes Script.html,https://www.imsdb.com/scripts/War-for-the-Planet-of-the-Apes.html
War of the Worlds,https://www.imsdb.com/Movie Scripts/War of the Worlds Script.html,https://www.imsdb.com/scripts/War-of-the-Worlds.html
Warrior,https://www.imsdb.com/Movie Scripts/Warrior Script.html,https://www.imsdb.com/scripts/Warrior.html
Watchmen,https://www.imsdb.com/Movie Scripts/Watchmen Script.html,https://www.imsdb.com/scripts/Watchmen.html
Whiteout,https://www.imsdb.com/Movie Scripts/Whiteout Script.html,https://www.imsdb.com/scripts/Whiteout.html
Who Framed Roger Rabbit?,https://www.imsdb.com/Movie Scripts/Who Framed Roger Rabbit? Script.html,https://www.imsdb.com/scripts/Who-Framed-Roger-Rabbit%3f.html
"Wild Bunch, The","https://www.imsdb.com/Movie Scripts/Wild Bunch, The Script.html","https://www.imsdb.com/scripts/Wild-Bunch,-The.html"
Wild Hogs,https://www.imsdb.com/Movie Scripts/Wild Hogs Script.html,https://www.imsdb.com/scripts/Wild-Hogs.html
Wild Things: Diamonds in the Rough,https://www.imsdb.com/Movie Scripts/Wild Things: Diamonds in the Rough Script.html,https://www.imsdb.com/scripts/Wild-Things-Diamonds-in-the-Rough.html
Wild Wild West,https://www.imsdb.com/Movie Scripts/Wild Wild West Script.html,https://www.imsdb.com/scripts/Wild-Wild-West.html
Willow,https://www.imsdb.com/Movie Scripts/Willow Script.html,https://www.imsdb.com/scripts/Willow.html
Wonder Woman,https://www.imsdb.com/Movie Scripts/Wonder Woman Script.html,https://www.imsdb.com/scripts/Wonder-Woman.html
"World is not Enough, The","https://www.imsdb.com/Movie Scripts/World is not Enough, The Script.html","https://www.imsdb.com/scripts/World-is-not-Enough,-The.html"
"X-Files: Fight the Future, The","https://www.imsdb.com/Movie Scripts/X-Files: Fight the Future, The Script.html","https://www.imsdb.com/scripts/X-Files-Fight-the-Future,-The.html"
X-Men,https://www.imsdb.com/Movie Scripts/X-Men Script.html,https://www.imsdb.com/scripts/X-Men.html
X-Men Origins: Wolverine,https://www.imsdb.com/Movie Scripts/X-Men Origins: Wolverine Script.html,https://www.imsdb.com/scripts/X-Men-Origins-Wolverine.html
xXx,https://www.imsdb.com/Movie Scripts/xXx Script.html,https://www.imsdb.com/scripts/xXx.html
